{"cameraMode":{"drawMode":0,"name":"Shaded","section":"Shading Mode"},"sceneLighting":true,"audioPlay":false,"sceneViewState":{"showFog":true,"showMaterialUpdate":true,"showSkybox":true,"showFlares":true,"showImageEffects":true,"showParticleSystems":true},"in2DMode":false,"pivot":{"x":2.1892735958099367,"y":-1.642343521118164,"z":9.034320831298829},"rotation":{"x":0.0018874804954975844,"y":0.9538931846618652,"z":-0.3001089096069336,"w":0.006011590827256441},"size":10.0,"orthographic":false}