{"cameraMode":{"drawMode":0,"name":"Shaded","section":"Shading Mode"},"sceneLighting":false,"audioPlay":false,"sceneViewState":{"showFog":true,"showMaterialUpdate":true,"showSkybox":false,"showFlares":true,"showImageEffects":true,"showParticleSystems":true},"in2DMode":false,"pivot":{"x":2.6500000953674318,"y":-0.5799999833106995,"z":13.80000114440918},"rotation":{"x":0.0018874804954975844,"y":0.9538931846618652,"z":-0.3001089096069336,"w":0.006011590827256441},"size":0.4898977279663086,"orthographic":false}